,id,Prediction
0,12428,No
1,12429,Yes
2,12430,No
3,12431,No
4,12432,No
5,12433,No
6,12434,No
7,12435,No
8,12436,No
9,12437,No
10,12438,No
11,12439,No
12,12440,No
13,12441,No
14,12442,No
15,12443,Yes
16,12444,Yes
17,12445,No
18,12446,Yes
19,12447,No
20,12448,No
21,12449,No
22,12450,Yes
23,12451,No
24,12452,Yes
25,12453,No
26,12454,No
27,12455,Yes
28,12456,Yes
29,12457,No
30,12458,No
31,12459,No
32,12460,No
33,12461,No
34,12462,No
35,12463,Yes
36,12464,No
37,12465,No
38,12466,No
39,12467,No
40,12468,Yes
41,12469,Yes
42,12470,No
43,12471,No
44,12472,No
45,12473,No
46,12474,No
47,12475,Yes
48,12476,Yes
49,12477,No
50,12478,No
51,12479,No
52,12480,No
53,12481,No
54,12482,No
55,12483,No
56,12484,No
57,12485,No
58,12486,Yes
59,12487,No
60,12488,Yes
61,12489,Yes
62,12490,No
63,12491,No
64,12492,No
65,12493,No
66,12494,No
67,12495,No
68,12496,Yes
69,12497,No
70,12498,Yes
71,12499,Yes
72,12500,No
73,12501,No
74,12502,Yes
75,12503,Yes
76,12504,No
77,12505,Yes
78,12506,No
79,12507,No
80,12508,Yes
81,12509,Yes
82,12510,No
83,12511,Yes
84,12512,No
85,12513,No
86,12514,Yes
87,12515,No
88,12516,Yes
89,12517,No
90,12518,Yes
91,12519,Yes
92,12520,Yes
93,12521,No
94,12522,No
95,12523,No
96,12524,No
97,12525,No
98,12526,No
99,12527,No
100,12528,No
101,12529,No
102,12530,No
103,12531,No
104,12532,No
105,12533,No
106,12534,No
107,12535,Yes
108,12536,No
109,12537,Yes
110,12538,No
111,12539,No
112,12540,No
113,12541,Yes
114,12542,No
115,12543,No
116,12544,No
117,12545,Yes
118,12546,No
119,12547,No
120,12548,Yes
121,12549,No
122,12550,No
123,12551,No
124,12552,Yes
125,12553,Yes
126,12554,No
127,12555,No
128,12556,No
129,12557,No
130,12558,No
131,12559,Yes
132,12560,Yes
133,12561,No
134,12562,No
135,12563,No
136,12564,Yes
137,12565,No
138,12566,No
139,12567,No
140,12568,No
141,12569,No
142,12570,No
143,12571,No
144,12572,No
145,12573,No
146,12574,No
147,12575,Yes
148,12576,No
149,12577,No
150,12578,No
151,12579,No
152,12580,No
153,12581,No
154,12582,No
155,12583,No
156,12584,Yes
157,12585,No
158,12586,No
159,12587,No
160,12588,Yes
161,12589,No
162,12590,No
163,12591,Yes
164,12592,No
165,12593,No
166,12594,Yes
167,12595,No
168,12596,No
169,12597,No
170,12598,No
171,12599,No
172,12600,No
173,12601,No
174,12602,Yes
175,12603,No
176,12604,No
177,12605,No
178,12606,No
179,12607,Yes
180,12608,No
181,12609,No
182,12610,No
183,12611,Yes
184,12612,No
185,12613,No
186,12614,No
187,12615,No
188,12616,No
189,12617,No
190,12618,Yes
191,12619,No
192,12620,No
193,12621,No
194,12622,No
195,12623,No
196,12624,No
197,12625,Yes
198,12626,No
199,12627,No
200,12628,No
201,12629,No
202,12630,No
203,12631,No
204,12632,Yes
205,12633,No
206,12634,Yes
207,12635,No
208,12636,No
209,12637,Yes
210,12638,No
211,12639,Yes
212,12640,No
213,12641,Yes
214,12642,No
215,12643,No
216,12644,Yes
217,12645,Yes
218,12646,No
219,12647,No
220,12648,Yes
221,12649,No
222,12650,Yes
223,12651,No
224,12652,No
225,12653,Yes
226,12654,No
227,12655,No
228,12656,No
229,12657,No
230,12658,No
231,12659,No
232,12660,No
233,12661,No
234,12662,No
235,12663,No
236,12664,No
237,12665,No
238,12666,No
239,12667,No
240,12668,No
241,12669,No
242,12670,No
243,12671,No
244,12672,Yes
245,12673,No
246,12674,No
247,12675,No
248,12676,No
249,12677,Yes
250,12678,No
251,12679,No
252,12680,No
253,12681,No
254,12682,No
255,12683,No
256,12684,Yes
257,12685,No
258,12686,No
259,12687,No
260,12688,Yes
261,12689,No
262,12690,Yes
263,12691,Yes
264,12692,No
265,12693,No
266,12694,No
267,12695,No
268,12696,No
269,12697,No
270,12698,No
271,12699,No
272,12700,No
273,12701,No
274,12702,Yes
275,12703,No
276,12704,Yes
277,12705,No
278,12706,No
279,12707,No
280,12708,Yes
281,12709,No
282,12710,No
283,12711,No
284,12712,No
285,12713,No
286,12714,Yes
287,12715,No
288,12716,No
289,12717,No
290,12718,No
291,12719,No
292,12720,No
293,12721,No
294,12722,No
295,12723,No
296,12724,No
297,12725,No
298,12726,No
299,12727,Yes
300,12728,No
301,12729,Yes
302,12730,No
303,12731,No
304,12732,No
305,12733,Yes
306,12734,No
307,12735,No
308,12736,No
309,12737,No
310,12738,No
311,12739,No
312,12740,No
313,12741,No
314,12742,Yes
315,12743,No
316,12744,Yes
317,12745,No
318,12746,Yes
319,12747,Yes
320,12748,No
321,12749,No
322,12750,No
323,12751,Yes
324,12752,No
325,12753,Yes
326,12754,Yes
327,12755,No
328,12756,No
329,12757,No
330,12758,No
331,12759,No
332,12760,No
333,12761,No
334,12762,No
335,12763,No
336,12764,No
337,12765,No
338,12766,No
339,12767,Yes
340,12768,Yes
341,12769,No
342,12770,Yes
343,12771,Yes
344,12772,Yes
345,12773,No
346,12774,No
347,12775,No
348,12776,Yes
349,12777,Yes
350,12778,No
351,12779,No
352,12780,Yes
353,12781,No
354,12782,No
355,12783,No
356,12784,No
357,12785,No
358,12786,No
359,12787,No
360,12788,No
361,12789,No
362,12790,No
363,12791,No
364,12792,No
365,12793,No
366,12794,No
367,12795,Yes
368,12796,No
369,12797,No
370,12798,No
371,12799,No
372,12800,No
373,12801,Yes
374,12802,No
375,12803,No
376,12804,No
377,12805,Yes
378,12806,No
379,12807,No
380,12808,No
381,12809,No
382,12810,No
383,12811,No
384,12812,No
385,12813,No
386,12814,Yes
387,12815,No
388,12816,No
389,12817,Yes
390,12818,No
391,12819,No
392,12820,No
393,12821,Yes
394,12822,No
395,12823,No
396,12824,No
397,12825,No
398,12826,No
399,12827,No
400,12828,No
401,12829,Yes
402,12830,No
403,12831,No
404,12832,Yes
405,12833,Yes
406,12834,No
407,12835,No
408,12836,No
409,12837,No
410,12838,No
411,12839,Yes
412,12840,No
413,12841,No
414,12842,No
415,12843,Yes
416,12844,No
417,12845,No
418,12846,No
419,12847,No
420,12848,Yes
421,12849,No
422,12850,No
423,12851,No
424,12852,Yes
425,12853,No
426,12854,Yes
427,12855,No
428,12856,No
429,12857,Yes
430,12858,No
431,12859,No
432,12860,Yes
433,12861,No
434,12862,No
435,12863,Yes
436,12864,No
437,12865,Yes
438,12866,No
439,12867,No
440,12868,No
441,12869,No
442,12870,No
443,12871,No
444,12872,Yes
445,12873,No
446,12874,No
447,12875,No
448,12876,Yes
449,12877,No
450,12878,No
451,12879,No
452,12880,No
453,12881,No
454,12882,No
455,12883,No
456,12884,No
457,12885,No
458,12886,Yes
459,12887,No
460,12888,Yes
461,12889,Yes
462,12890,No
463,12891,Yes
464,12892,No
465,12893,No
466,12894,No
467,12895,No
468,12896,Yes
469,12897,No
470,12898,No
471,12899,No
472,12900,No
473,12901,No
474,12902,No
475,12903,No
476,12904,No
477,12905,No
478,12906,No
479,12907,No
480,12908,No
481,12909,No
482,12910,Yes
483,12911,Yes
484,12912,Yes
485,12913,Yes
486,12914,Yes
487,12915,Yes
488,12916,Yes
489,12917,No
490,12918,Yes
491,12919,No
492,12920,No
493,12921,No
494,12922,Yes
495,12923,No
496,12924,No
497,12925,No
498,12926,No
499,12927,No
500,12928,No
501,12929,Yes
502,12930,No
503,12931,Yes
504,12932,No
505,12933,Yes
506,12934,No
507,12935,Yes
508,12936,No
509,12937,No
510,12938,Yes
511,12939,No
512,12940,No
513,12941,No
514,12942,No
515,12943,No
516,12944,No
517,12945,No
518,12946,No
519,12947,No
520,12948,No
521,12949,No
522,12950,No
523,12951,No
524,12952,No
525,12953,No
526,12954,Yes
527,12955,No
528,12956,No
529,12957,No
530,12958,No
531,12959,No
532,12960,No
533,12961,No
534,12962,No
535,12963,No
536,12964,No
537,12965,No
538,12966,Yes
539,12967,Yes
540,12968,No
541,12969,No
542,12970,No
543,12971,No
544,12972,Yes
545,12973,Yes
546,12974,No
547,12975,No
548,12976,No
549,12977,No
550,12978,No
551,12979,No
552,12980,No
553,12981,No
554,12982,Yes
555,12983,Yes
556,12984,Yes
557,12985,No
558,12986,No
559,12987,No
560,12988,No
561,12989,Yes
562,12990,No
563,12991,No
564,12992,No
565,12993,Yes
566,12994,No
567,12995,Yes
568,12996,No
569,12997,No
570,12998,Yes
571,12999,Yes
572,13000,No
573,13001,Yes
574,13002,Yes
575,13003,No
576,13004,No
577,13005,Yes
578,13006,No
579,13007,No
580,13008,Yes
581,13009,No
582,13010,Yes
583,13011,Yes
584,13012,Yes
585,13013,Yes
586,13014,No
587,13015,Yes
588,13016,Yes
589,13017,No
590,13018,No
591,13019,Yes
592,13020,No
593,13021,No
594,13022,Yes
595,13023,No
596,13024,No
597,13025,No
598,13026,No
599,13027,Yes
600,13028,No
601,13029,No
602,13030,No
603,13031,No
604,13032,No
605,13033,Yes
606,13034,Yes
607,13035,Yes
608,13036,No
609,13037,No
610,13038,Yes
611,13039,No
612,13040,Yes
613,13041,No
614,13042,No
615,13043,No
616,13044,No
617,13045,Yes
618,13046,Yes
619,13047,Yes
620,13048,No
621,13049,No
622,13050,No
623,13051,No
624,13052,Yes
625,13053,No
626,13054,No
627,13055,Yes
628,13056,Yes
629,13057,No
630,13058,Yes
631,13059,No
632,13060,No
633,13061,No
634,13062,No
635,13063,Yes
636,13064,Yes
637,13065,No
638,13066,No
639,13067,No
640,13068,No
641,13069,No
642,13070,No
643,13071,Yes
644,13072,No
645,13073,No
646,13074,No
647,13075,No
648,13076,No
649,13077,No
650,13078,No
651,13079,No
652,13080,Yes
653,13081,No
654,13082,Yes
655,13083,Yes
656,13084,No
657,13085,No
658,13086,No
659,13087,No
660,13088,No
661,13089,No
662,13090,No
663,13091,No
664,13092,No
665,13093,No
666,13094,Yes
667,13095,No
668,13096,No
669,13097,No
670,13098,No
671,13099,No
672,13100,No
673,13101,Yes
674,13102,No
675,13103,No
676,13104,Yes
677,13105,Yes
678,13106,No
679,13107,No
680,13108,No
681,13109,No
682,13110,No
683,13111,No
684,13112,Yes
685,13113,No
686,13114,Yes
687,13115,No
688,13116,No
689,13117,No
690,13118,No
691,13119,No
692,13120,No
693,13121,Yes
694,13122,No
695,13123,No
696,13124,Yes
697,13125,No
698,13126,No
699,13127,No
700,13128,No
701,13129,Yes
702,13130,Yes
703,13131,No
704,13132,Yes
705,13133,Yes
706,13134,No
707,13135,No
708,13136,Yes
709,13137,Yes
710,13138,No
711,13139,No
712,13140,No
713,13141,No
714,13142,Yes
715,13143,Yes
716,13144,No
717,13145,No
718,13146,No
719,13147,No
720,13148,No
721,13149,Yes
722,13150,No
723,13151,No
724,13152,Yes
725,13153,Yes
726,13154,Yes
727,13155,No
728,13156,No
729,13157,No
730,13158,No
731,13159,No
732,13160,Yes
733,13161,Yes
734,13162,No
735,13163,Yes
736,13164,No
737,13165,Yes
738,13166,No
739,13167,No
740,13168,No
741,13169,Yes
742,13170,No
743,13171,No
744,13172,No
745,13173,No
746,13174,No
747,13175,No
748,13176,No
749,13177,Yes
750,13178,Yes
751,13179,No
752,13180,No
753,13181,No
754,13182,No
755,13183,Yes
756,13184,No
757,13185,No
758,13186,No
759,13187,No
760,13188,No
761,13189,No
762,13190,No
763,13191,No
764,13192,Yes
765,13193,No
766,13194,No
767,13195,No
768,13196,Yes
769,13197,Yes
770,13198,No
771,13199,Yes
772,13200,Yes
773,13201,No
774,13202,Yes
775,13203,No
776,13204,Yes
777,13205,Yes
778,13206,No
779,13207,No
780,13208,No
781,13209,No
782,13210,No
783,13211,No
784,13212,No
785,13213,No
786,13214,Yes
787,13215,No
788,13216,No
789,13217,No
790,13218,No
791,13219,No
792,13220,No
793,13221,No
794,13222,Yes
795,13223,No
796,13224,No
797,13225,No
798,13226,Yes
799,13227,No
800,13228,No
801,13229,No
802,13230,No
803,13231,Yes
804,13232,No
805,13233,Yes
806,13234,No
807,13235,No
808,13236,Yes
809,13237,No
810,13238,No
811,13239,No
812,13240,No
813,13241,Yes
814,13242,No
815,13243,Yes
816,13244,Yes
817,13245,Yes
818,13246,No
819,13247,No
820,13248,No
821,13249,No
822,13250,Yes
823,13251,No
824,13252,Yes
825,13253,No
826,13254,No
827,13255,No
828,13256,No
829,13257,No
830,13258,No
831,13259,Yes
832,13260,No
833,13261,Yes
834,13262,Yes
835,13263,No
836,13264,No
837,13265,No
838,13266,No
839,13267,No
840,13268,No
841,13269,No
842,13270,No
843,13271,Yes
844,13272,No
845,13273,No
846,13274,No
847,13275,No
848,13276,No
849,13277,Yes
850,13278,No
851,13279,Yes
852,13280,No
853,13281,No
854,13282,No
855,13283,No
856,13284,No
857,13285,No
858,13286,No
859,13287,No
860,13288,No
861,13289,Yes
862,13290,Yes
863,13291,No
864,13292,No
865,13293,No
866,13294,Yes
867,13295,No
868,13296,No
869,13297,No
870,13298,No
871,13299,No
872,13300,No
873,13301,No
874,13302,No
875,13303,Yes
876,13304,No
877,13305,No
878,13306,No
879,13307,Yes
880,13308,Yes
881,13309,No
882,13310,No
883,13311,No
884,13312,No
885,13313,No
886,13314,No
887,13315,No
888,13316,No
889,13317,No
890,13318,No
891,13319,No
892,13320,No
893,13321,No
894,13322,No
895,13323,No
896,13324,No
897,13325,No
898,13326,Yes
899,13327,No
900,13328,No
901,13329,No
902,13330,Yes
903,13331,No
904,13332,No
905,13333,No
906,13334,No
907,13335,Yes
908,13336,No
909,13337,No
910,13338,No
911,13339,No
912,13340,Yes
913,13341,No
914,13342,No
915,13343,Yes
916,13344,Yes
917,13345,Yes
918,13346,Yes
919,13347,No
920,13348,Yes
921,13349,No
922,13350,No
923,13351,No
924,13352,No
925,13353,No
926,13354,No
927,13355,No
928,13356,Yes
929,13357,No
930,13358,No
931,13359,Yes
932,13360,No
933,13361,No
934,13362,Yes
935,13363,No
936,13364,No
937,13365,Yes
938,13366,Yes
939,13367,No
940,13368,No
941,13369,No
942,13370,No
943,13371,No
944,13372,No
945,13373,No
946,13374,No
947,13375,Yes
948,13376,No
949,13377,No
950,13378,No
951,13379,No
952,13380,Yes
953,13381,No
954,13382,No
955,13383,No
956,13384,No
957,13385,No
958,13386,Yes
959,13387,No
960,13388,No
961,13389,Yes
962,13390,No
963,13391,No
964,13392,No
965,13393,No
966,13394,No
967,13395,No
968,13396,No
969,13397,No
970,13398,No
971,13399,Yes
972,13400,No
973,13401,No
974,13402,No
975,13403,Yes
976,13404,Yes
977,13405,No
978,13406,No
979,13407,No
980,13408,No
981,13409,No
982,13410,Yes
983,13411,No
984,13412,No
985,13413,No
986,13414,No
987,13415,No
988,13416,Yes
989,13417,No
990,13418,No
991,13419,No
992,13420,Yes
993,13421,No
994,13422,No
995,13423,No
996,13424,Yes
997,13425,No
998,13426,No
999,13427,Yes
1000,13428,No
1001,13429,No
1002,13430,No
1003,13431,Yes
1004,13432,Yes
1005,13433,No
1006,13434,No
1007,13435,No
1008,13436,No
1009,13437,Yes
1010,13438,No
1011,13439,No
1012,13440,No
1013,13441,No
1014,13442,No
1015,13443,Yes
1016,13444,No
1017,13445,Yes
1018,13446,Yes
1019,13447,No
1020,13448,Yes
1021,13449,No
1022,13450,No
1023,13451,No
1024,13452,No
1025,13453,Yes
1026,13454,Yes
1027,13455,Yes
1028,13456,Yes
1029,13457,No
1030,13458,No
1031,13459,No
1032,13460,No
1033,13461,Yes
1034,13462,No
1035,13463,No
1036,13464,Yes
1037,13465,No
1038,13466,No
1039,13467,No
1040,13468,No
1041,13469,No
1042,13470,Yes
1043,13471,No
1044,13472,No
1045,13473,No
1046,13474,Yes
1047,13475,No
1048,13476,Yes
1049,13477,No
1050,13478,No
1051,13479,No
1052,13480,No
1053,13481,Yes
1054,13482,No
1055,13483,No
1056,13484,No
1057,13485,No
1058,13486,No
1059,13487,No
1060,13488,No
1061,13489,No
1062,13490,No
1063,13491,No
1064,13492,No
1065,13493,No
1066,13494,No
1067,13495,No
1068,13496,No
1069,13497,Yes
1070,13498,No
1071,13499,No
1072,13500,Yes
1073,13501,No
1074,13502,Yes
1075,13503,No
1076,13504,No
1077,13505,No
1078,13506,No
1079,13507,No
1080,13508,No
1081,13509,No
1082,13510,Yes
1083,13511,No
1084,13512,No
1085,13513,No
1086,13514,No
1087,13515,No
1088,13516,Yes
1089,13517,No
1090,13518,No
1091,13519,No
1092,13520,Yes
1093,13521,Yes
1094,13522,No
1095,13523,Yes
1096,13524,No
1097,13525,No
1098,13526,No
1099,13527,No
1100,13528,No
1101,13529,No
1102,13530,Yes
1103,13531,No
1104,13532,No
1105,13533,No
1106,13534,No
1107,13535,No
1108,13536,No
1109,13537,No
1110,13538,Yes
1111,13539,No
1112,13540,No
1113,13541,No
1114,13542,No
1115,13543,Yes
1116,13544,No
1117,13545,No
1118,13546,No
1119,13547,No
1120,13548,No
1121,13549,No
1122,13550,No
1123,13551,No
1124,13552,No
1125,13553,No
1126,13554,No
1127,13555,Yes
1128,13556,No
1129,13557,No
1130,13558,No
1131,13559,No
1132,13560,No
1133,13561,No
1134,13562,No
1135,13563,No
1136,13564,No
1137,13565,No
1138,13566,No
1139,13567,No
1140,13568,No
1141,13569,No
1142,13570,No
1143,13571,No
1144,13572,No
1145,13573,No
1146,13574,Yes
1147,13575,No
1148,13576,No
1149,13577,No
1150,13578,No
1151,13579,No
1152,13580,Yes
1153,13581,No
1154,13582,Yes
1155,13583,Yes
1156,13584,No
1157,13585,Yes
1158,13586,Yes
1159,13587,No
1160,13588,No
1161,13589,No
1162,13590,No
1163,13591,No
1164,13592,No
1165,13593,Yes
1166,13594,Yes
1167,13595,Yes
1168,13596,Yes
1169,13597,Yes
1170,13598,No
1171,13599,Yes
1172,13600,No
1173,13601,No
1174,13602,Yes
1175,13603,No
1176,13604,No
1177,13605,No
1178,13606,Yes
1179,13607,No
1180,13608,No
1181,13609,No
1182,13610,No
1183,13611,No
1184,13612,Yes
1185,13613,No
1186,13614,No
1187,13615,No
1188,13616,Yes
1189,13617,No
1190,13618,No
1191,13619,Yes
1192,13620,No
1193,13621,No
1194,13622,Yes
1195,13623,No
1196,13624,No
1197,13625,No
1198,13626,No
1199,13627,No
1200,13628,Yes
1201,13629,No
1202,13630,No
1203,13631,No
1204,13632,No
1205,13633,No
1206,13634,No
1207,13635,Yes
1208,13636,No
1209,13637,Yes
1210,13638,No
1211,13639,No
1212,13640,No
1213,13641,No
1214,13642,No
1215,13643,No
1216,13644,No
1217,13645,No
1218,13646,No
1219,13647,Yes
1220,13648,No
1221,13649,No
1222,13650,No
1223,13651,Yes
1224,13652,No
1225,13653,No
1226,13654,Yes
1227,13655,No
1228,13656,No
1229,13657,No
1230,13658,Yes
1231,13659,No
1232,13660,No
1233,13661,Yes
1234,13662,No
1235,13663,No
1236,13664,No
1237,13665,No
1238,13666,No
1239,13667,No
1240,13668,Yes
1241,13669,Yes
1242,13670,No
1243,13671,No
1244,13672,No
1245,13673,Yes
1246,13674,Yes
1247,13675,No
1248,13676,No
1249,13677,No
1250,13678,No
1251,13679,No
1252,13680,Yes
1253,13681,No
1254,13682,Yes
1255,13683,No
1256,13684,Yes
1257,13685,No
1258,13686,Yes
1259,13687,Yes
1260,13688,No
1261,13689,No
1262,13690,No
1263,13691,Yes
1264,13692,No
1265,13693,No
1266,13694,No
1267,13695,No
1268,13696,No
1269,13697,Yes
1270,13698,No
1271,13699,No
1272,13700,No
1273,13701,No
1274,13702,No
1275,13703,No
1276,13704,No
1277,13705,No
1278,13706,Yes
1279,13707,No
1280,13708,No
1281,13709,No
1282,13710,No
1283,13711,No
1284,13712,No
1285,13713,No
1286,13714,No
1287,13715,No
1288,13716,Yes
1289,13717,No
1290,13718,No
1291,13719,Yes
1292,13720,No
1293,13721,No
1294,13722,No
1295,13723,No
1296,13724,No
1297,13725,No
1298,13726,No
1299,13727,No
1300,13728,No
1301,13729,No
1302,13730,No
1303,13731,No
1304,13732,Yes
1305,13733,No
1306,13734,Yes
1307,13735,No
1308,13736,Yes
1309,13737,No
1310,13738,No
1311,13739,Yes
1312,13740,No
1313,13741,Yes
1314,13742,Yes
1315,13743,No
1316,13744,Yes
1317,13745,Yes
1318,13746,No
1319,13747,No
1320,13748,No
1321,13749,Yes
1322,13750,Yes
1323,13751,No
1324,13752,No
1325,13753,Yes
1326,13754,No
1327,13755,Yes
1328,13756,Yes
1329,13757,No
1330,13758,No
1331,13759,No
1332,13760,No
1333,13761,No
1334,13762,No
1335,13763,No
1336,13764,No
1337,13765,No
1338,13766,No
1339,13767,No
1340,13768,No
1341,13769,No
1342,13770,No
1343,13771,No
1344,13772,Yes
1345,13773,No
1346,13774,No
1347,13775,No
1348,13776,Yes
1349,13777,No
1350,13778,No
1351,13779,Yes
1352,13780,No
1353,13781,No
1354,13782,No
1355,13783,No
1356,13784,Yes
1357,13785,No
1358,13786,No
1359,13787,No
1360,13788,Yes
1361,13789,No
1362,13790,No
1363,13791,No
1364,13792,Yes
1365,13793,No
1366,13794,No
1367,13795,No
1368,13796,No
1369,13797,Yes
1370,13798,No
1371,13799,No
1372,13800,No
1373,13801,No
1374,13802,No
1375,13803,No
1376,13804,No
1377,13805,No
1378,13806,No
1379,13807,Yes
1380,13808,Yes
1381,13809,No
1382,13810,No
1383,13811,No
1384,13812,No
1385,13813,No
1386,13814,No
1387,13815,No
1388,13816,No
1389,13817,No
1390,13818,Yes
1391,13819,No
1392,13820,No
1393,13821,Yes
1394,13822,No
1395,13823,No
1396,13824,Yes
1397,13825,No
1398,13826,No
1399,13827,No
1400,13828,No
1401,13829,No
1402,13830,Yes
1403,13831,No
1404,13832,No
1405,13833,Yes
1406,13834,No
1407,13835,No
1408,13836,No
1409,13837,No
1410,13838,No
1411,13839,Yes
1412,13840,Yes
1413,13841,Yes
1414,13842,No
1415,13843,No
1416,13844,No
1417,13845,Yes
1418,13846,No
1419,13847,No
1420,13848,No
1421,13849,Yes
1422,13850,Yes
1423,13851,Yes
1424,13852,No
1425,13853,No
1426,13854,No
1427,13855,No
1428,13856,Yes
1429,13857,No
1430,13858,No
1431,13859,No
1432,13860,Yes
1433,13861,Yes
1434,13862,No
1435,13863,No
1436,13864,No
1437,13865,No
1438,13866,No
1439,13867,No
1440,13868,No
1441,13869,No
1442,13870,Yes
1443,13871,Yes
1444,13872,Yes
1445,13873,No
1446,13874,Yes
1447,13875,No
1448,13876,Yes
1449,13877,No
1450,13878,No
1451,13879,No
1452,13880,No
1453,13881,No
1454,13882,No
1455,13883,No
1456,13884,Yes
1457,13885,No
1458,13886,Yes
1459,13887,No
1460,13888,No
1461,13889,No
1462,13890,No
1463,13891,No
1464,13892,No
1465,13893,No
1466,13894,No
1467,13895,No
1468,13896,No
1469,13897,Yes
1470,13898,No
1471,13899,No
1472,13900,Yes
1473,13901,Yes
1474,13902,No
1475,13903,No
1476,13904,Yes
1477,13905,Yes
1478,13906,No
1479,13907,No
1480,13908,No
1481,13909,No
1482,13910,No
1483,13911,No
1484,13912,No
1485,13913,Yes
1486,13914,No
1487,13915,Yes
1488,13916,No
1489,13917,No
1490,13918,No
1491,13919,No
1492,13920,No
1493,13921,No
1494,13922,No
1495,13923,No
1496,13924,Yes
1497,13925,No
1498,13926,No
1499,13927,Yes
1500,13928,No
1501,13929,No
1502,13930,No
1503,13931,No
1504,13932,Yes
1505,13933,Yes
1506,13934,Yes
1507,13935,No
1508,13936,No
1509,13937,Yes
1510,13938,No
1511,13939,No
1512,13940,No
1513,13941,Yes
1514,13942,No
1515,13943,No
1516,13944,No
1517,13945,No
1518,13946,No
1519,13947,No
1520,13948,No
1521,13949,Yes
1522,13950,No
1523,13951,No
1524,13952,No
1525,13953,No
1526,13954,No
1527,13955,No
1528,13956,No
1529,13957,No
1530,13958,No
1531,13959,No
1532,13960,No
1533,13961,No
1534,13962,No
1535,13963,No
1536,13964,No
1537,13965,No
1538,13966,No
1539,13967,No
1540,13968,Yes
1541,13969,No
1542,13970,No
1543,13971,Yes
1544,13972,Yes
1545,13973,No
1546,13974,No
1547,13975,No
1548,13976,No
1549,13977,No
1550,13978,No
1551,13979,Yes
1552,13980,No
1553,13981,No
1554,13982,No
1555,13983,No
1556,13984,Yes
1557,13985,Yes
1558,13986,No
1559,13987,Yes
1560,13988,No
1561,13989,No
1562,13990,No
1563,13991,No
1564,13992,No
1565,13993,Yes
1566,13994,Yes
1567,13995,No
1568,13996,Yes
1569,13997,No
1570,13998,Yes
1571,13999,Yes
1572,14000,No
1573,14001,No
1574,14002,No
1575,14003,No
1576,14004,No
1577,14005,Yes
1578,14006,No
1579,14007,Yes
1580,14008,No
1581,14009,No
1582,14010,No
1583,14011,Yes
1584,14012,No
1585,14013,Yes
1586,14014,No
1587,14015,No
1588,14016,No
1589,14017,No
1590,14018,No
1591,14019,No
1592,14020,No
1593,14021,Yes
1594,14022,No
1595,14023,No
1596,14024,Yes
1597,14025,No
1598,14026,No
1599,14027,No
1600,14028,Yes
1601,14029,Yes
1602,14030,Yes
1603,14031,No
1604,14032,No
1605,14033,No
1606,14034,No
1607,14035,No
1608,14036,No
1609,14037,No
1610,14038,No
1611,14039,No
1612,14040,No
1613,14041,No
1614,14042,No
1615,14043,No
1616,14044,No
1617,14045,No
1618,14046,No
1619,14047,No
1620,14048,No
1621,14049,No
1622,14050,Yes
1623,14051,No
1624,14052,No
1625,14053,No
1626,14054,No
1627,14055,No
1628,14056,Yes
1629,14057,No
1630,14058,No
1631,14059,Yes
1632,14060,No
1633,14061,No
1634,14062,No
1635,14063,No
1636,14064,No
1637,14065,No
1638,14066,No
1639,14067,No
1640,14068,No
1641,14069,Yes
1642,14070,Yes
1643,14071,No
1644,14072,No
1645,14073,Yes
1646,14074,No
1647,14075,Yes
1648,14076,No
1649,14077,No
1650,14078,No
1651,14079,No
1652,14080,No
1653,14081,No
1654,14082,No
1655,14083,No
1656,14084,No
1657,14085,No
1658,14086,No
1659,14087,No
1660,14088,Yes
1661,14089,No
1662,14090,No
1663,14091,No
1664,14092,Yes
1665,14093,No
1666,14094,Yes
1667,14095,Yes
1668,14096,No
1669,14097,No
1670,14098,No
1671,14099,Yes
1672,14100,No
1673,14101,Yes
1674,14102,No
1675,14103,Yes
1676,14104,No
1677,14105,No
1678,14106,No
1679,14107,No
1680,14108,No
1681,14109,No
1682,14110,No
1683,14111,Yes
1684,14112,No
1685,14113,No
1686,14114,No
1687,14115,No
1688,14116,No
1689,14117,Yes
1690,14118,No
1691,14119,No
1692,14120,Yes
1693,14121,No
1694,14122,No
1695,14123,No
1696,14124,No
1697,14125,No
1698,14126,No
1699,14127,No
1700,14128,Yes
1701,14129,No
1702,14130,No
1703,14131,No
1704,14132,No
1705,14133,No
1706,14134,No
1707,14135,No
1708,14136,No
1709,14137,Yes
1710,14138,No
1711,14139,No
1712,14140,No
1713,14141,No
1714,14142,No
1715,14143,Yes
1716,14144,No
1717,14145,No
1718,14146,No
1719,14147,No
1720,14148,No
1721,14149,No
1722,14150,Yes
1723,14151,No
1724,14152,Yes
1725,14153,No
1726,14154,No
1727,14155,Yes
1728,14156,No
1729,14157,No
1730,14158,No
1731,14159,No
1732,14160,Yes
1733,14161,No
1734,14162,No
1735,14163,No
1736,14164,Yes
1737,14165,Yes
1738,14166,No
1739,14167,Yes
1740,14168,No
1741,14169,No
1742,14170,No
1743,14171,No
1744,14172,No
1745,14173,No
1746,14174,No
1747,14175,Yes
1748,14176,Yes
1749,14177,No
1750,14178,No
1751,14179,No
1752,14180,No
1753,14181,Yes
1754,14182,Yes
1755,14183,Yes
1756,14184,Yes
1757,14185,Yes
1758,14186,No
1759,14187,No
1760,14188,No
1761,14189,No
1762,14190,Yes
1763,14191,No
1764,14192,No
1765,14193,Yes
1766,14194,Yes
1767,14195,No
1768,14196,No
1769,14197,No
1770,14198,No
1771,14199,Yes
1772,14200,No
1773,14201,No
1774,14202,No
1775,14203,Yes
1776,14204,No
1777,14205,No
1778,14206,No
1779,14207,No
1780,14208,No
1781,14209,No
1782,14210,Yes
1783,14211,No
1784,14212,No
1785,14213,No
1786,14214,Yes
1787,14215,Yes
1788,14216,Yes
1789,14217,No
1790,14218,Yes
1791,14219,Yes
1792,14220,Yes
1793,14221,Yes
1794,14222,No
1795,14223,No
1796,14224,Yes
1797,14225,No
1798,14226,Yes
1799,14227,No
1800,14228,Yes
1801,14229,No
1802,14230,Yes
1803,14231,No
1804,14232,No
1805,14233,No
1806,14234,No
1807,14235,No
1808,14236,Yes
1809,14237,Yes
1810,14238,No
1811,14239,No
1812,14240,No
1813,14241,No
1814,14242,No
1815,14243,Yes
1816,14244,Yes
1817,14245,No
1818,14246,No
1819,14247,No
1820,14248,No
1821,14249,No
1822,14250,No
1823,14251,Yes
1824,14252,Yes
1825,14253,Yes
1826,14254,Yes
1827,14255,No
1828,14256,No
1829,14257,Yes
1830,14258,No
1831,14259,Yes
1832,14260,Yes
1833,14261,No
1834,14262,Yes
1835,14263,No
1836,14264,No
1837,14265,No
1838,14266,No
1839,14267,No
1840,14268,No
1841,14269,No
1842,14270,No
1843,14271,No
1844,14272,No
1845,14273,Yes
1846,14274,No
1847,14275,No
1848,14276,No
1849,14277,No
1850,14278,No
1851,14279,No
1852,14280,No
1853,14281,Yes
1854,14282,No
1855,14283,No
1856,14284,Yes
1857,14285,No
1858,14286,No
1859,14287,No
1860,14288,No
1861,14289,No
1862,14290,No
1863,14291,No
1864,14292,No
1865,14293,No
1866,14294,Yes
1867,14295,No
1868,14296,No
1869,14297,No
1870,14298,No
1871,14299,Yes
1872,14300,Yes
1873,14301,No
1874,14302,No
1875,14303,No
1876,14304,No
1877,14305,Yes
1878,14306,No
1879,14307,Yes
1880,14308,No
1881,14309,Yes
1882,14310,No
1883,14311,Yes
1884,14312,No
1885,14313,No
1886,14314,No
1887,14315,No
1888,14316,Yes
1889,14317,Yes
1890,14318,No
1891,14319,No
1892,14320,No
1893,14321,Yes
1894,14322,No
1895,14323,No
1896,14324,Yes
1897,14325,No
1898,14326,No
1899,14327,Yes
1900,14328,No
1901,14329,No
1902,14330,Yes
1903,14331,No
1904,14332,No
1905,14333,No
1906,14334,No
1907,14335,No
1908,14336,No
1909,14337,No
1910,14338,Yes
1911,14339,No
1912,14340,No
1913,14341,No
1914,14342,No
1915,14343,No
1916,14344,No
1917,14345,Yes
1918,14346,No
1919,14347,No
1920,14348,No
1921,14349,No
1922,14350,No
1923,14351,No
1924,14352,No
1925,14353,Yes
1926,14354,No
1927,14355,No
1928,14356,Yes
1929,14357,Yes
1930,14358,Yes
1931,14359,No
1932,14360,No
1933,14361,No
1934,14362,No
1935,14363,No
1936,14364,No
1937,14365,No
1938,14366,No
1939,14367,No
1940,14368,No
1941,14369,No
1942,14370,No
1943,14371,No
1944,14372,No
1945,14373,Yes
1946,14374,No
1947,14375,Yes
1948,14376,No
1949,14377,No
1950,14378,Yes
1951,14379,No
1952,14380,No
1953,14381,No
1954,14382,No
1955,14383,Yes
1956,14384,No
1957,14385,Yes
1958,14386,No
1959,14387,Yes
1960,14388,No
1961,14389,No
1962,14390,No
1963,14391,Yes
1964,14392,No
1965,14393,No
1966,14394,No
1967,14395,No
1968,14396,Yes
1969,14397,Yes
1970,14398,No
1971,14399,Yes
1972,14400,No
1973,14401,No
1974,14402,No
1975,14403,No
1976,14404,No
1977,14405,No
1978,14406,Yes
1979,14407,No
1980,14408,Yes
1981,14409,No
1982,14410,Yes
1983,14411,No
1984,14412,Yes
1985,14413,No
1986,14414,Yes
1987,14415,No
1988,14416,No
1989,14417,No
1990,14418,No
1991,14419,Yes
1992,14420,Yes
1993,14421,No
1994,14422,Yes
1995,14423,No
1996,14424,No
1997,14425,No
1998,14426,No
1999,14427,No
2000,14428,No
2001,14429,Yes
2002,14430,No
2003,14431,No
2004,14432,Yes
2005,14433,No
2006,14434,No
2007,14435,No
2008,14436,No
2009,14437,No
2010,14438,Yes
2011,14439,Yes
2012,14440,No
2013,14441,No
2014,14442,No
2015,14443,No
2016,14444,No
2017,14445,Yes
2018,14446,No
2019,14447,No
2020,14448,No
2021,14449,Yes
2022,14450,No
2023,14451,No
2024,14452,No
2025,14453,No
2026,14454,No
2027,14455,No
2028,14456,Yes
2029,14457,No
2030,14458,No
2031,14459,Yes
2032,14460,No
2033,14461,No
2034,14462,No
2035,14463,No
2036,14464,No
2037,14465,No
2038,14466,Yes
2039,14467,No
2040,14468,Yes
2041,14469,No
2042,14470,No
2043,14471,No
2044,14472,No
2045,14473,No
2046,14474,Yes
2047,14475,Yes
2048,14476,No
2049,14477,No
2050,14478,No
2051,14479,No
2052,14480,Yes
2053,14481,No
2054,14482,No
2055,14483,No
2056,14484,No
2057,14485,Yes
2058,14486,No
2059,14487,No
2060,14488,Yes
2061,14489,No
2062,14490,No
2063,14491,No
2064,14492,Yes
2065,14493,No
2066,14494,No
2067,14495,Yes
2068,14496,No
2069,14497,Yes
2070,14498,No
2071,14499,No
2072,14500,No
2073,14501,No
2074,14502,No
2075,14503,No
2076,14504,No
2077,14505,No
2078,14506,Yes
2079,14507,No
2080,14508,Yes
2081,14509,No
2082,14510,Yes
2083,14511,No
2084,14512,No
2085,14513,No
2086,14514,No
2087,14515,No
2088,14516,No
2089,14517,No
2090,14518,Yes
2091,14519,No
2092,14520,No
2093,14521,No
2094,14522,No
2095,14523,Yes
2096,14524,No
2097,14525,No
2098,14526,No
2099,14527,No
2100,14528,No
2101,14529,No
2102,14530,Yes
2103,14531,No
2104,14532,No
2105,14533,No
2106,14534,Yes
2107,14535,No
2108,14536,No
2109,14537,No
2110,14538,No
2111,14539,No
2112,14540,No
2113,14541,No
2114,14542,No
2115,14543,No
2116,14544,Yes
2117,14545,No
2118,14546,No
2119,14547,Yes
2120,14548,No
2121,14549,Yes
2122,14550,No
2123,14551,No
2124,14552,Yes
2125,14553,Yes
2126,14554,No
2127,14555,No
2128,14556,No
2129,14557,No
2130,14558,No
2131,14559,Yes
2132,14560,No
2133,14561,No
2134,14562,No
2135,14563,No
2136,14564,No
2137,14565,Yes
2138,14566,No
2139,14567,No
2140,14568,Yes
2141,14569,Yes
2142,14570,No
2143,14571,No
2144,14572,Yes
2145,14573,No
2146,14574,No
2147,14575,No
2148,14576,Yes
2149,14577,No
2150,14578,No
2151,14579,No
2152,14580,No
2153,14581,No
2154,14582,No
2155,14583,No
2156,14584,No
2157,14585,Yes
2158,14586,No
2159,14587,No
2160,14588,No
2161,14589,No
2162,14590,Yes
2163,14591,No
2164,14592,No
2165,14593,No
2166,14594,No
2167,14595,Yes
2168,14596,No
2169,14597,No
2170,14598,Yes
2171,14599,No
2172,14600,Yes
2173,14601,No
2174,14602,No
2175,14603,No
2176,14604,No
2177,14605,Yes
2178,14606,No
2179,14607,No
2180,14608,No
2181,14609,No
2182,14610,No
2183,14611,Yes
2184,14612,No
2185,14613,No
2186,14614,No
2187,14615,No
2188,14616,No
2189,14617,Yes
2190,14618,Yes
2191,14619,No
2192,14620,No
2193,14621,Yes
2194,14622,No
2195,14623,Yes
2196,14624,No
2197,14625,No
2198,14626,Yes
2199,14627,No
2200,14628,No
2201,14629,No
2202,14630,No
2203,14631,No
2204,14632,No
2205,14633,No
2206,14634,No
2207,14635,No
2208,14636,No
2209,14637,No
2210,14638,No
2211,14639,No
2212,14640,No
2213,14641,No
2214,14642,Yes
2215,14643,No
2216,14644,No
2217,14645,No
2218,14646,No
2219,14647,Yes
2220,14648,Yes
2221,14649,No
2222,14650,No
2223,14651,No
2224,14652,No
2225,14653,Yes
2226,14654,No
2227,14655,No
2228,14656,No
2229,14657,No
2230,14658,No
2231,14659,No
2232,14660,No
2233,14661,No
2234,14662,No
2235,14663,No
2236,14664,Yes
2237,14665,No
2238,14666,No
2239,14667,Yes
2240,14668,Yes
2241,14669,Yes
2242,14670,Yes
2243,14671,Yes
2244,14672,Yes
2245,14673,Yes
2246,14674,No
2247,14675,Yes
2248,14676,No
2249,14677,No
2250,14678,No
2251,14679,No
2252,14680,No
2253,14681,Yes
2254,14682,Yes
2255,14683,No
2256,14684,Yes
2257,14685,Yes
2258,14686,Yes
2259,14687,Yes
2260,14688,No
2261,14689,No
2262,14690,No
2263,14691,Yes
2264,14692,No
2265,14693,No
2266,14694,No
2267,14695,Yes
2268,14696,No
2269,14697,No
2270,14698,Yes
2271,14699,No
2272,14700,No
2273,14701,No
2274,14702,No
2275,14703,No
2276,14704,No
2277,14705,No
2278,14706,No
2279,14707,No
2280,14708,No
2281,14709,No
2282,14710,No
2283,14711,Yes
2284,14712,Yes
2285,14713,No
2286,14714,No
2287,14715,No
2288,14716,No
2289,14717,Yes
2290,14718,No
2291,14719,No
2292,14720,No
2293,14721,No
2294,14722,No
2295,14723,No
2296,14724,No
2297,14725,No
2298,14726,No
2299,14727,No
2300,14728,No
2301,14729,Yes
2302,14730,No
2303,14731,Yes
2304,14732,Yes
2305,14733,No
2306,14734,Yes
2307,14735,No
2308,14736,No
2309,14737,No
2310,14738,No
2311,14739,No
2312,14740,No
2313,14741,No
2314,14742,No
2315,14743,No
2316,14744,No
2317,14745,No
2318,14746,No
2319,14747,No
2320,14748,No
2321,14749,No
2322,14750,No
2323,14751,No
2324,14752,No
2325,14753,No
2326,14754,Yes
2327,14755,No
2328,14756,No
2329,14757,Yes
2330,14758,No
2331,14759,Yes
2332,14760,Yes
2333,14761,No
2334,14762,No
2335,14763,No
2336,14764,No
2337,14765,No
2338,14766,No
2339,14767,No
2340,14768,No
2341,14769,No
2342,14770,No
2343,14771,No
2344,14772,No
2345,14773,No
2346,14774,No
2347,14775,No
2348,14776,No
2349,14777,No
2350,14778,No
2351,14779,No
2352,14780,No
2353,14781,No
2354,14782,No
2355,14783,No
2356,14784,No
2357,14785,No
2358,14786,No
2359,14787,No
2360,14788,No
2361,14789,No
2362,14790,Yes
2363,14791,Yes
2364,14792,Yes
2365,14793,No
2366,14794,Yes
2367,14795,No
2368,14796,No
2369,14797,No
2370,14798,No
2371,14799,No
2372,14800,No
2373,14801,No
2374,14802,Yes
2375,14803,No
2376,14804,Yes
2377,14805,No
2378,14806,No
2379,14807,No
2380,14808,No
2381,14809,No
2382,14810,Yes
2383,14811,Yes
2384,14812,Yes
2385,14813,Yes
2386,14814,No
2387,14815,No
2388,14816,No
2389,14817,No
2390,14818,No
2391,14819,No
2392,14820,No
2393,14821,No
2394,14822,No
2395,14823,No
2396,14824,No
2397,14825,No
2398,14826,No
2399,14827,No
2400,14828,No
2401,14829,No
2402,14830,No
2403,14831,Yes
2404,14832,No
2405,14833,Yes
2406,14834,No
2407,14835,No
2408,14836,No
2409,14837,No
2410,14838,No
2411,14839,No
2412,14840,No
2413,14841,No
2414,14842,No
2415,14843,No
2416,14844,No
2417,14845,No
2418,14846,No
2419,14847,No
2420,14848,Yes
2421,14849,Yes
2422,14850,No
2423,14851,No
2424,14852,No
2425,14853,No
2426,14854,No
2427,14855,No
2428,14856,No
2429,14857,Yes
2430,14858,No
2431,14859,No
2432,14860,No
2433,14861,No
2434,14862,No
2435,14863,No
2436,14864,No
2437,14865,No
2438,14866,No
2439,14867,No
2440,14868,No
2441,14869,No
2442,14870,No
2443,14871,No
2444,14872,No
2445,14873,No
2446,14874,No
2447,14875,No
2448,14876,Yes
2449,14877,Yes
2450,14878,No
2451,14879,No
2452,14880,No
2453,14881,No
2454,14882,Yes
2455,14883,No
2456,14884,No
2457,14885,No
2458,14886,No
2459,14887,No
2460,14888,No
2461,14889,No
2462,14890,No
2463,14891,Yes
2464,14892,No
2465,14893,Yes
2466,14894,No
2467,14895,No
2468,14896,No
2469,14897,Yes
2470,14898,No
2471,14899,No
2472,14900,No
2473,14901,No
2474,14902,No
2475,14903,No
2476,14904,Yes
2477,14905,No
2478,14906,No
2479,14907,Yes
2480,14908,Yes
2481,14909,No
2482,14910,No
2483,14911,No
2484,14912,No
2485,14913,No
2486,14914,No
2487,14915,No
2488,14916,No
2489,14917,No
2490,14918,No
2491,14919,No
2492,14920,Yes
2493,14921,No
2494,14922,No
2495,14923,No
2496,14924,Yes
2497,14925,No
2498,14926,No
2499,14927,Yes
2500,14928,No
2501,14929,No
2502,14930,No
2503,14931,Yes
2504,14932,No
2505,14933,Yes
2506,14934,No
2507,14935,No
2508,14936,Yes
2509,14937,Yes
2510,14938,Yes
2511,14939,No
2512,14940,Yes
2513,14941,No
2514,14942,No
2515,14943,Yes
2516,14944,No
2517,14945,Yes
2518,14946,No
2519,14947,No
2520,14948,No
2521,14949,No
2522,14950,Yes
2523,14951,No
2524,14952,No
2525,14953,Yes
2526,14954,No
2527,14955,Yes
2528,14956,No
2529,14957,No
2530,14958,Yes
2531,14959,No
2532,14960,No
2533,14961,No
2534,14962,No
2535,14963,Yes
2536,14964,No
2537,14965,No
2538,14966,No
2539,14967,No
2540,14968,No
2541,14969,Yes
2542,14970,No
2543,14971,No
2544,14972,Yes
2545,14973,No
2546,14974,No
2547,14975,No
2548,14976,Yes
2549,14977,No
2550,14978,No
2551,14979,No
2552,14980,No
2553,14981,No
2554,14982,No
2555,14983,No
2556,14984,Yes
2557,14985,No
2558,14986,No
2559,14987,No
2560,14988,No
2561,14989,No
2562,14990,Yes
2563,14991,No
2564,14992,Yes
2565,14993,Yes
2566,14994,Yes
2567,14995,No
2568,14996,No
2569,14997,Yes
2570,14998,Yes
2571,14999,No
2572,15000,No
2573,15001,No
2574,15002,No
2575,15003,No
2576,15004,No
2577,15005,Yes
2578,15006,No
2579,15007,Yes
2580,15008,No
2581,15009,No
2582,15010,No
2583,15011,No
2584,15012,No
2585,15013,No
2586,15014,Yes
2587,15015,No
2588,15016,No
2589,15017,No
2590,15018,Yes
2591,15019,Yes
2592,15020,No
2593,15021,Yes
2594,15022,Yes
2595,15023,Yes
2596,15024,No
2597,15025,No
2598,15026,No
2599,15027,Yes
2600,15028,No
2601,15029,Yes
2602,15030,Yes
2603,15031,No
2604,15032,No
2605,15033,No
2606,15034,No
2607,15035,Yes
2608,15036,No
2609,15037,No
2610,15038,No
2611,15039,No
2612,15040,No
2613,15041,No
2614,15042,Yes
2615,15043,No
2616,15044,No
2617,15045,No
2618,15046,No
2619,15047,Yes
2620,15048,No
2621,15049,No
2622,15050,No
2623,15051,Yes
2624,15052,No
2625,15053,No
2626,15054,Yes
2627,15055,Yes
2628,15056,No
2629,15057,No
2630,15058,No
2631,15059,Yes
2632,15060,No
2633,15061,No
2634,15062,No
2635,15063,Yes
2636,15064,No
2637,15065,No
2638,15066,No
2639,15067,No
2640,15068,No
2641,15069,No
2642,15070,No
2643,15071,No
2644,15072,No
2645,15073,No
2646,15074,No
2647,15075,No
2648,15076,No
2649,15077,No
2650,15078,Yes
2651,15079,No
2652,15080,No
2653,15081,No
2654,15082,No
2655,15083,Yes
2656,15084,No
2657,15085,No
2658,15086,Yes
2659,15087,No
2660,15088,No
2661,15089,No
2662,15090,No
2663,15091,No
2664,15092,No
2665,15093,No
2666,15094,No
2667,15095,Yes
2668,15096,No
2669,15097,Yes
2670,15098,No
2671,15099,No
2672,15100,No
2673,15101,Yes
2674,15102,No
2675,15103,No
2676,15104,No
2677,15105,No
2678,15106,No
2679,15107,Yes
2680,15108,No
2681,15109,No
2682,15110,No
2683,15111,No
2684,15112,Yes
2685,15113,No
2686,15114,No
2687,15115,No
2688,15116,No
2689,15117,No
2690,15118,No
2691,15119,No
2692,15120,No
2693,15121,No
2694,15122,Yes
2695,15123,No
2696,15124,No
2697,15125,No
2698,15126,Yes
2699,15127,No
2700,15128,Yes
2701,15129,No
2702,15130,No
2703,15131,No
2704,15132,No
2705,15133,No
2706,15134,No
2707,15135,No
2708,15136,No
2709,15137,No
2710,15138,No
2711,15139,No
2712,15140,Yes
2713,15141,No
2714,15142,No
2715,15143,No
2716,15144,No
2717,15145,No
2718,15146,No
2719,15147,No
2720,15148,No
2721,15149,No
2722,15150,No
2723,15151,No
2724,15152,No
2725,15153,Yes
2726,15154,No
2727,15155,No
2728,15156,No
2729,15157,No
2730,15158,No
2731,15159,No
2732,15160,No
2733,15161,Yes
2734,15162,No
2735,15163,No
2736,15164,Yes
2737,15165,Yes
2738,15166,No
2739,15167,No
2740,15168,No
2741,15169,Yes
2742,15170,No
2743,15171,No
2744,15172,No
2745,15173,No
2746,15174,No
2747,15175,No
2748,15176,No
2749,15177,No
2750,15178,No
2751,15179,No
2752,15180,No
2753,15181,No
2754,15182,No
2755,15183,No
2756,15184,No
2757,15185,No
2758,15186,No
2759,15187,No
2760,15188,No
2761,15189,No
2762,15190,Yes
2763,15191,No
2764,15192,Yes
2765,15193,No
2766,15194,No
2767,15195,No
2768,15196,No
2769,15197,No
2770,15198,No
2771,15199,No
2772,15200,No
2773,15201,No
2774,15202,No
2775,15203,No
2776,15204,No
2777,15205,No
2778,15206,No
2779,15207,Yes
2780,15208,Yes
2781,15209,No
2782,15210,No
2783,15211,No
2784,15212,No
2785,15213,No
2786,15214,No
2787,15215,No
2788,15216,No
2789,15217,No
2790,15218,No
2791,15219,No
2792,15220,No
2793,15221,No
2794,15222,Yes
2795,15223,Yes
2796,15224,No
2797,15225,No
2798,15226,No
2799,15227,No
2800,15228,No
2801,15229,No
2802,15230,No
2803,15231,Yes
2804,15232,No
2805,15233,Yes
2806,15234,No
2807,15235,No
2808,15236,No
2809,15237,No
2810,15238,No
2811,15239,No
2812,15240,No
2813,15241,No
2814,15242,Yes
2815,15243,No
2816,15244,No
2817,15245,No
2818,15246,No
2819,15247,No
2820,15248,No
2821,15249,No
2822,15250,No
2823,15251,Yes
2824,15252,Yes
2825,15253,No
2826,15254,No
2827,15255,Yes
2828,15256,No
2829,15257,No
2830,15258,No
2831,15259,Yes
2832,15260,Yes
2833,15261,No
2834,15262,Yes
2835,15263,No
2836,15264,No
2837,15265,Yes
2838,15266,No
2839,15267,No
2840,15268,No
2841,15269,No
2842,15270,Yes
2843,15271,No
2844,15272,Yes
2845,15273,No
2846,15274,Yes
2847,15275,Yes
2848,15276,No
2849,15277,No
2850,15278,Yes
2851,15279,No
2852,15280,No
2853,15281,No
2854,15282,No
2855,15283,No
2856,15284,Yes
2857,15285,No
2858,15286,Yes
2859,15287,No
2860,15288,No
2861,15289,No
2862,15290,No
2863,15291,Yes
2864,15292,No
2865,15293,No
2866,15294,No
2867,15295,Yes
2868,15296,No
2869,15297,No
2870,15298,No
2871,15299,No
2872,15300,No
2873,15301,Yes
2874,15302,No
2875,15303,Yes
2876,15304,No
2877,15305,No
2878,15306,No
2879,15307,Yes
2880,15308,No
2881,15309,No
2882,15310,Yes
2883,15311,No
2884,15312,Yes
2885,15313,No
2886,15314,No
2887,15315,No
2888,15316,No
2889,15317,Yes
2890,15318,Yes
2891,15319,No
2892,15320,No
2893,15321,No
2894,15322,No
2895,15323,Yes
2896,15324,Yes
2897,15325,No
2898,15326,No
2899,15327,No
2900,15328,No
2901,15329,No
2902,15330,No
2903,15331,No
2904,15332,Yes
2905,15333,No
2906,15334,No
2907,15335,No
2908,15336,No
2909,15337,Yes
2910,15338,Yes
2911,15339,Yes
2912,15340,No
2913,15341,No
2914,15342,No
2915,15343,No
2916,15344,No
2917,15345,No
2918,15346,No
2919,15347,No
2920,15348,No
2921,15349,No
2922,15350,No
2923,15351,No
2924,15352,No
2925,15353,Yes
2926,15354,Yes
2927,15355,No
2928,15356,No
2929,15357,No
2930,15358,No
2931,15359,No
2932,15360,No
2933,15361,Yes
2934,15362,No
2935,15363,Yes
2936,15364,No
2937,15365,No
2938,15366,No
2939,15367,No
2940,15368,No
2941,15369,No
2942,15370,No
2943,15371,No
2944,15372,No
2945,15373,No
2946,15374,Yes
2947,15375,No
2948,15376,No
2949,15377,Yes
2950,15378,Yes
2951,15379,Yes
2952,15380,No
2953,15381,No
2954,15382,No
2955,15383,Yes
2956,15384,No
2957,15385,No
2958,15386,Yes
2959,15387,No
2960,15388,No
2961,15389,No
2962,15390,No
2963,15391,No
2964,15392,No
2965,15393,No
2966,15394,Yes
2967,15395,Yes
2968,15396,No
2969,15397,No
2970,15398,No
2971,15399,No
2972,15400,No
2973,15401,No
2974,15402,Yes
2975,15403,No
2976,15404,Yes
2977,15405,No
2978,15406,No
2979,15407,No
2980,15408,Yes
2981,15409,Yes
2982,15410,No
2983,15411,No
2984,15412,No
2985,15413,Yes
2986,15414,No
2987,15415,No
2988,15416,No
2989,15417,No
2990,15418,No
2991,15419,No
2992,15420,No
2993,15421,No
2994,15422,No
2995,15423,No
2996,15424,Yes
2997,15425,Yes
2998,15426,Yes
2999,15427,No
3000,15428,No
3001,15429,No
3002,15430,No
3003,15431,Yes
3004,15432,No
3005,15433,Yes
3006,15434,Yes
3007,15435,Yes
3008,15436,Yes
3009,15437,No
3010,15438,No
3011,15439,Yes
3012,15440,Yes
3013,15441,No
3014,15442,No
3015,15443,No
3016,15444,No
3017,15445,No
3018,15446,Yes
3019,15447,No
3020,15448,No
3021,15449,No
3022,15450,No
3023,15451,Yes
3024,15452,No
3025,15453,No
3026,15454,Yes
3027,15455,No
3028,15456,No
3029,15457,No
3030,15458,No
3031,15459,No
3032,15460,No
3033,15461,No
3034,15462,No
3035,15463,No
3036,15464,No
3037,15465,Yes
3038,15466,No
3039,15467,No
3040,15468,Yes
3041,15469,Yes
3042,15470,No
3043,15471,No
3044,15472,No
3045,15473,No
3046,15474,No
3047,15475,No
3048,15476,No
3049,15477,No
3050,15478,No
3051,15479,Yes
3052,15480,No
3053,15481,No
3054,15482,Yes
3055,15483,Yes
3056,15484,No
3057,15485,No
3058,15486,No
3059,15487,Yes
3060,15488,No
3061,15489,Yes
3062,15490,Yes
3063,15491,No
3064,15492,Yes
3065,15493,No
3066,15494,Yes
3067,15495,No
3068,15496,Yes
3069,15497,No
3070,15498,No
3071,15499,Yes
3072,15500,No
3073,15501,No
3074,15502,Yes
3075,15503,No
3076,15504,No
3077,15505,No
3078,15506,No
3079,15507,No
3080,15508,No
3081,15509,Yes
3082,15510,No
3083,15511,Yes
3084,15512,No
3085,15513,No
3086,15514,No
3087,15515,No
3088,15516,Yes
3089,15517,No
3090,15518,No
3091,15519,Yes
3092,15520,Yes
3093,15521,No
3094,15522,No
3095,15523,Yes
3096,15524,Yes
3097,15525,Yes
3098,15526,Yes
3099,15527,No
3100,15528,No
3101,15529,Yes
3102,15530,No
3103,15531,No
3104,15532,No
3105,15533,Yes
3106,15534,No
3107,15535,Yes
3108,15536,No
3109,15537,No
3110,15538,Yes
3111,15539,No
3112,15540,No
3113,15541,No
3114,15542,No
3115,15543,Yes
3116,15544,No
3117,15545,No
3118,15546,No
3119,15547,No
3120,15548,No
3121,15549,Yes
3122,15550,Yes
3123,15551,No
3124,15552,No
3125,15553,No
3126,15554,No
3127,15555,No
3128,15556,No
3129,15557,Yes
3130,15558,No
3131,15559,No
3132,15560,No
3133,15561,No
3134,15562,No
3135,15563,Yes
3136,15564,No
3137,15565,No
3138,15566,No
3139,15567,Yes
3140,15568,No
3141,15569,No
3142,15570,Yes
3143,15571,No
3144,15572,No
3145,15573,No
3146,15574,Yes
3147,15575,No
3148,15576,No
3149,15577,No
3150,15578,Yes
3151,15579,No
3152,15580,No
3153,15581,No
3154,15582,No
3155,15583,No
3156,15584,No
3157,15585,No
3158,15586,No
3159,15587,Yes
3160,15588,No
3161,15589,No
3162,15590,No
3163,15591,No
3164,15592,No
3165,15593,No
3166,15594,Yes
3167,15595,No
3168,15596,No
3169,15597,No
3170,15598,No
3171,15599,No
3172,15600,Yes
3173,15601,No
3174,15602,No
3175,15603,No
3176,15604,No
3177,15605,No
3178,15606,No
3179,15607,No
3180,15608,Yes
3181,15609,Yes
3182,15610,No
3183,15611,No
3184,15612,Yes
3185,15613,No
3186,15614,No
3187,15615,No
3188,15616,No
3189,15617,Yes
3190,15618,No
3191,15619,No
3192,15620,No
3193,15621,No
3194,15622,No
3195,15623,No
3196,15624,No
3197,15625,No
3198,15626,No
3199,15627,No
3200,15628,No
3201,15629,No
3202,15630,No
3203,15631,No
3204,15632,No
3205,15633,Yes
3206,15634,No
3207,15635,No
3208,15636,No
3209,15637,Yes
3210,15638,No
3211,15639,No
3212,15640,No
3213,15641,No
3214,15642,No
3215,15643,Yes
3216,15644,No
3217,15645,No
3218,15646,No
3219,15647,No
3220,15648,No
3221,15649,No
3222,15650,Yes
3223,15651,No
3224,15652,No
3225,15653,Yes
3226,15654,No
3227,15655,No
3228,15656,No
3229,15657,No
3230,15658,No
3231,15659,No
3232,15660,No
3233,15661,No
3234,15662,No
3235,15663,No
3236,15664,No
3237,15665,Yes
3238,15666,Yes
3239,15667,Yes
3240,15668,No
3241,15669,Yes
3242,15670,No
3243,15671,No
3244,15672,No
3245,15673,No
3246,15674,Yes
3247,15675,No
3248,15676,Yes
3249,15677,No
3250,15678,Yes
3251,15679,No
3252,15680,No
3253,15681,No
3254,15682,No
3255,15683,No
3256,15684,Yes
3257,15685,No
3258,15686,No
3259,15687,Yes
3260,15688,No
3261,15689,No
3262,15690,No
3263,15691,Yes
3264,15692,Yes
3265,15693,No
3266,15694,No
3267,15695,No
3268,15696,No
3269,15697,No
3270,15698,Yes
3271,15699,No
3272,15700,Yes
3273,15701,Yes
3274,15702,No
3275,15703,No
3276,15704,No
3277,15705,No
3278,15706,No
3279,15707,No
3280,15708,No
3281,15709,No
3282,15710,No
3283,15711,No
3284,15712,No
3285,15713,No
3286,15714,No
3287,15715,No
3288,15716,No
3289,15717,No
3290,15718,No
3291,15719,Yes
3292,15720,No
3293,15721,Yes
3294,15722,No
3295,15723,Yes
3296,15724,No
3297,15725,No
3298,15726,No
3299,15727,No
3300,15728,Yes
3301,15729,No
3302,15730,Yes
3303,15731,Yes
3304,15732,No
3305,15733,No
3306,15734,Yes
3307,15735,No
